{"res/atlas/UI.atlas":["UI/",["arrow.png","speed_bar.png","speed_shkala.png"]],"res/atlas/UI0.atlas":["UI0/",["btn_cancle.png","btn_lastLevel.png","btn_nextLevel.png","btn_reborn.png"]],"res/atlas/collection.atlas":["collection/",["0.png","1.png","10.png","11.png","12.png","13.png","14.png","15.png","16.png","17.png","18.png","2.png","3.png","4.png","5.png","6.png","7.png","8.png","9.png","btn_unlock.png","btn_unlock_fx.png","btn_unlock_sp.png","cl_back.png","cl_slBg.png","cl_unBg.png","unlock.png"]],"res/atlas/dianji/1.atlas":["dianji/1/",["dianji1_01.png","dianji1_02.png","dianji1_03.png","dianji1_04.png","dianji1_05.png","dianji1_06.png","dianji1_07.png","dianji1_08.png","dianji1_09.png","dianji1_10.png","dianji1_11.png","dianji1_12.png","dianji1_13.png","dianji1_14.png","dianji1_15.png","dianji1_16.png"]],"res/atlas/index.atlas":["index/",["in_collection.png","in_level.png","in_music.png","in_music1.png","in_pro$bar.png","in_pro.png","ld_num.png"]],"res/atlas/loading.atlas":["loading/",["ld_icon.png"]],"res/atlas/relive.atlas":["relive/",["1.png","2.png","3.png","4.png","5.png","rl_bg.png","rl_circle.png","rl_fuhuo1.png","rl_fuhuo2.png","rl_fuhuo3.png","rl_skip.png"]],"res/atlas/result.atlas":["result/",["re_fail.png","re_next.png","re_replay.png","re_sucess.png"]],"res/atlas/reward.atlas":["reward/",["0.png","02_2020-05-19_10-21-52.png","02_2020-05-19_10-22-24.png","02_2020-05-19_10-22-39.png","02_2020-05-19_10-22-53.png","02_2020-05-19_10-23-13.png","1.png","2.png","3.png","4.png","rw_get1.png","rw_get2.png","rw_get3.png","rw_skip.png","rw_title.png"]]}