[1,["287tLv9BxCkL8yLROcCG8/","b5lRuNC51HpY8pdU9ijtsW@6c48a","2crgthZCFOSJuo9Vz3Ok4p","12Y9dMgWdJKJGmTiZyQR9H@17020","61UmxA1mBI+6moN9/8Vayy"],["node","root","_particleSystem","data","_mainTexture","_mesh","_material"],[["cc.CurveRange",["mode","constantMin","multiplier","constantMax","constant","spline","splineMin","splineMax"],-2,4,4,4],["cc.RealKeyframeValue",["value","rightTangent","rightTangentWeight","leftTangent","leftTangentWeight","interpolationMode"],-3],["cc.GradientRange",["_mode","gradient"],2,4],["cc.Mesh",["_native","_hash","_struct"],1,11],["cc.Prefab",["_name"],2],["cc.Node",["_name","_layer","_children","_components","_prefab","_lpos"],1,2,9,4,5],["cc.Node",["_name","_active","_layer","_parent","_components","_prefab","_lpos","_lrot","_euler"],0,1,2,4,5,5,5],["cc.MeshRenderer",["_name","_shadowCastingMode","node","__prefab","_materials","lightmapSettings","_mesh"],1,1,4,3,4,6],["cc.CompPrefabInfo",["fileId"],2],["cc.ModelLightmapSettings",["_castShadow"],2],["cc.SphereCollider",["node","__prefab","_material"],3,1,4,6],["cc.RigidBody",["_mass","_linearDamping","_angularDamping","node","__prefab"],0,1,4],["ab706Kan2xMnbc3XzM4l3uG",["node","__prefab"],3,1,4],["cc.PrefabInfo",["fileId","root","asset"],2,1,1],["cc.ParticleSystem",["scaleSpace","duration","simulationSpeed","_prewarm","_capacity","_simulationSpace","node","__prefab","_materials","startColor","startSizeX","startSizeY","startSizeZ","startSpeed","startRotationX","startRotationY","startRotationZ","startDelay","startLifetime","gravityModifier","rateOverTime","rateOverDistance","_colorOverLifetimeModule","_shapeModule","_sizeOvertimeModule","_velocityOvertimeModule","_forceOvertimeModule","_limitVelocityOvertimeModule","_rotationOvertimeModule","_textureAnimationModule","_trailModule","renderer"],-3,1,4,12,4,4,4,4,4,4,4,4,4,4,4,4,4,4,4,4,4,4,4,4,4,4,4],["cc.ColorOvertimeModule",["_enable","color"],2,4],["cc.Gradient",["colorKeys","alphaKeys"],3,9,9],["cc.ColorKey",["time","color"],2,5],["cc.AlphaKey",["alpha","time"],1],["cc.ShapeModule",["_enable","radius","radiusThickness","length","_angle","arcSpeed"],-2,4],["cc.SizeOvertimeModule",["_enable","size","x","y","z"],2,4,4,4,4],["cc.RealCurve",["_times","_values"],2,9],["cc.VelocityOvertimeModule",["_enable","x","y","z","speedModifier"],2,4,4,4,4],["cc.ForceOvertimeModule",["x","y","z"],3,4,4,4],["cc.LimitVelocityOvertimeModule",["limitX","limitY","limitZ","limit"],3,4,4,4,4],["cc.RotationOvertimeModule",["x","y","z"],3,4,4,4],["cc.TextureAnimationModule",["_numTilesX","_numTilesY","cycleCount","frameOverTime","startFrame"],0,4,4],["cc.TrailModule",["lifeTime","widthRatio","colorOverTrail","colorOvertime","_particleSystem"],3,4,4,4,4,1],["cc.ParticleSystemRenderer",["_mainTexture"],3,6]],[[0,1],[0,4,2],[8,0,2],[21,0,1,2],[1,5,0,3],[2,1],[0,0,1,3,4],[18,0,1,3],[13,0,1,2,2],[17,0,1,2],[1,0,1,2,3,4,6],[1,1,2,3,4,5],[3,0,1,2,3],[4,0,2],[5,0,1,2,3,4,5,3],[6,0,1,2,3,4,5,6,7,8,4],[7,0,1,2,3,4,5,6,3],[9,0,2],[10,0,1,2,1],[11,0,1,2,3,4,4],[12,0,1,1],[14,0,1,2,3,4,5,6,7,8,9,10,11,12,13,14,15,16,17,18,19,20,21,22,23,24,25,26,27,28,29,30,31,7],[2,0,1,2],[0,0,1,3],[0,0,1,3,2,5],[0,0,2,5,3],[0,0,2,6,7,3],[0,0,5,2],[15,0,1,2],[16,0,1,1],[19,0,1,2,3,4,5,6],[20,0,1,2,3,4,2],[22,0,1,2,3,4,2],[23,0,1,2,1],[24,0,1,2,3,1],[25,0,1,2,1],[26,0,1,2,3,4,4],[27,0,1,2,3,4,1],[28,0,1]],[[[[12,".bin",3012740648,[{"primitives":[{"primitiveMode":7,"vertexBundelIndices":[0],"indexView":{"offset":69160,"length":24576,"count":6144,"stride":4}}],"vertexBundles":[{"view":{"offset":0,"length":69160,"count":1235,"stride":56},"attributes":[{"name":"a_position","format":32,"isNormalized":false},{"name":"a_normal","format":32,"isNormalized":false},{"name":"a_texCoord","format":21,"isNormalized":false},{"name":"a_tangent","format":44,"isNormalized":false},{"name":"a_texCoord1","format":21,"isNormalized":false}]}]},"minPosition",8,[1,-0.5,-0.5,-0.5],"maxPosition",8,[1,0.5,0.5,0.5]]],-1],0,0,[],[],[]],[[[13,"ball"],[14,"ball",8388608,[-6],[[16,"Sphere<ModelComponent>",1,-2,[2,"492SVdw3ZPdre+amT+eLU6"],[2],[17,true],3],[18,-3,[2,"94qEvM7LVII5ZEllqCqr0K"],4],[19,10000000,0.15,0.5,-4,[2,"67pYU65d9D8LJwOo8kwEHS"]],[20,-5,[2,"cdiudUuStJKLpLGKfDRXVc"]]],[8,"bfvty3/MpAAp2pUn9rJIh8",-1,0],[1,0.494,0,6.5]],[15,"fireParticle-002",false,8388608,1,[-7],[8,"05fXucvORHdKRW0bgelzSB",1,0],[1,0,-0.422,0],[3,0.7071067811865475,0,0,0.7071067811865476],[1,90,0,0]],[21,0,-1,0.8,true,400,0,2,[2,"94C9jXHvdIh6KyGW44GFNo"],[[0,null],6,0],[5],[1,1.2],[6,3,0.7,1],[6,3,0.7,1],[23,3,0.7],[0],[0],[24,3,-3.141592653589793,3.141592653589793,30],[0],[6,3,0.1,0.5],[0],[1,120],[0],[28,true,[22,1,[29,[[9,0.2544642857142857,[4,4287138039]],[9,1,[4,4293387472]]],[[7,150,0.008928571428571425],[7,255,0.5111607142857143],[7,255,0.9910714285714286]]]]],[30,true,0.55,0,0.913,-0.3490658503988659,[1,1]],[31,true,[25,1,0.8,[3,[0,1],[[10,1,-1,1,-1,1],[11,-1,1,-1,1]]]],[0],[0],[0]],[32,true,[0],[1,1],[0],[1,1]],[33,[0],[1,1],[0]],[34,[0],[0],[0],[0]],[35,[0],[0],[26,2,10,[3,[0,1],[[4,2,-1],[4,2,1]]],[3,[0,1],[[4,2,1],[4,2,-1]]]]],[36,10,1,1,[27,1,[3,[0,1],[[11,1,1,1,1],[10,1,1,1,1,1]]]],[0]],[37,[1,1],[0],[5],[5],-8],[38,1]]],0,[0,1,1,0,0,1,0,0,1,0,0,1,0,0,1,0,-1,2,0,-1,3,0,2,3,0,3,1,8],[0,0,0,0,0],[-1,4,-1,5,6],[0,1,2,3,4]]]]
