[1,["dcQyQG/BBDy58JfXdSkcEc@66e04","7dj5uJT9FMn6OrOOx83tfK@f9941","b5snqx50BDmLQHhI/CssiX@6c48a","eeKDSY509HOKayV8pwdT4y","dcQyQG/BBDy58JfXdSkcEc@dc20f","dcQyQG/BBDy58JfXdSkcEc@4f56a","dcQyQG/BBDy58JfXdSkcEc@d31ab","7dj5uJT9FMn6OrOOx83tfK@6c48a","dcQyQG/BBDy58JfXdSkcEc@9bc02","eadHiwQI1AUrcD8NI1Xglf","dcQyQG/BBDy58JfXdSkcEc@04aa1","dcQyQG/BBDy58JfXdSkcEc@95d3a","dcQyQG/BBDy58JfXdSkcEc@7b3fb","dcQyQG/BBDy58JfXdSkcEc@8dfe6","d1NGQ2rJZCcbhjH0/erZWw"],["node","_spriteFrame","_normalSprite","_target","_parent","_textureSource","root","_particleSystem","data","_mainTexture","_defaultClip","mainTexture","_effectAsset"],[["cc.Node",["_name","_layer","_active","_objFlags","_components","_prefab","_parent","_lpos","_children","_lscale","_lrot","_euler"],-1,9,4,1,5,2,5,5,5],["cc.Sprite",["_sizeMode","_type","node","__prefab","_spriteFrame","_color"],1,1,4,6,5],["cc.Label",["_string","_actualFontSize","_fontSize","_enableWrapText","_lineHeight","_isBold","node","__prefab","_color"],-3,1,4,5],["cc.Button",["_transition","node","__prefab","clickEvents","_normalSprite","_normalColor","_target"],2,1,4,9,6,5,1],["cc.CurveRange",["constant","mode","spline"],1,4],["cc.UITransform",["node","__prefab","_contentSize"],3,1,4,5],["cc.Widget",["_alignFlags","_originalWidth","_originalHeight","node","__prefab"],0,1,4],["cc.GradientRange",["color"],3,5],["cc.RealKeyframeValue",["interpolationMode","value"],1],"cc.SpriteFrame",["cc.Prefab",["_name"],2],["cc.Node",["_name","_active","_layer","_parent","_components","_prefab"],0,1,12,4],["cc.CompPrefabInfo",["fileId"],2],["cc.BlockInputEvents",["_enabled","node","__prefab"],2,1,4],["39856vODpBFrruNyeXvTZOw",["node","__prefab"],3,1,4],["cc.PrefabInfo",["fileId","root","asset"],2,1,1],["cc.ClickEvent",["_componentId","handler","target"],1,1],["cc.Animation",["node","__prefab","_clips","_defaultClip"],3,1,4,3,6],["cc.UIMeshRenderer",["node","__prefab"],3,1,4],["cc.ParticleSystem",["node","__prefab","_materials","startColor","startSizeX","startSizeY","startSizeZ","startSpeed","startRotationX","startRotationY","startRotationZ","startDelay","startLifetime","gravityModifier","rateOverTime","rateOverDistance","_colorOverLifetimeModule","_shapeModule","_sizeOvertimeModule","_velocityOvertimeModule","_forceOvertimeModule","_limitVelocityOvertimeModule","_rotationOvertimeModule","_textureAnimationModule","_trailModule","renderer"],3,1,4,3,4,4,4,4,4,4,4,4,4,4,4,4,4,4,4,4,4,4,4,4,4,4,4],["cc.ColorOvertimeModule",["color"],3,4],["cc.ShapeModule",["_enable","_shapeType","emitFrom","radius","arcSpeed"],-1,4],["cc.SizeOvertimeModule",["_enable","size","x","y","z"],2,4,4,4,4],["cc.RealCurve",["_times","_values"],2,9],["cc.VelocityOvertimeModule",["_enable","x","y","z","speedModifier"],2,4,4,4,4],["cc.ForceOvertimeModule",["x","y","z"],3,4,4,4],["cc.LimitVelocityOvertimeModule",["limitX","limitY","limitZ","limit"],3,4,4,4,4],["cc.RotationOvertimeModule",["x","y","z"],3,4,4,4],["cc.TextureAnimationModule",["frameOverTime","startFrame"],3,4,4],["cc.TrailModule",["lifeTime","widthRatio","colorOverTrail","colorOvertime","_particleSystem"],3,4,4,4,4,1],["cc.ParticleSystemRenderer",["_mainTexture"],3,6],["cc.Material",["_defines","_props"],2,12]],[[12,0,2],[15,0,1,2,2],[5,0,1,2,1],[4,1],[1,2,3,4,1],[0,0,1,6,4,5,7,10,11,3],[4,0,2],[0,0,1,6,4,5,7,3],[0,0,1,6,8,4,5,7,3],[5,0,1,1],[0,0,1,8,4,5,3],[1,1,0,2,3,4,3],[16,0,1,2,3],[7,1],[8,0,1,3],[0,0,1,6,8,4,5,3],[0,0,1,6,4,5,3],[0,0,2,1,6,4,5,7,4],[1,0,2,3,4,2],[2,0,1,2,4,6,7,8,5],[4,1,2,2],[23,0,1,2],[10,0,2],[0,0,1,6,4,5,9,3],[0,0,3,1,6,4,5,7,4],[0,0,3,1,6,4,5,4],[0,0,2,1,6,4,5,7,10,9,11,4],[11,0,1,2,3,4,5,4],[13,0,1,2,2],[14,0,1,1],[6,0,1,2,3,4],[6,0,1,2,3,4,4],[1,1,0,2,3,3],[1,0,2,3,5,4,2],[3,0,1,2,3,5,6,2],[3,0,1,2,3,5,6,4,2],[3,1,2,4,1],[3,0,1,2,3,4,2],[17,0,1,2,3,1],[18,0,1,1],[2,0,1,3,6,7,8,4],[2,0,1,2,3,6,7,5],[2,0,1,2,4,5,6,7,6],[2,0,1,2,5,6,7,8,5],[19,0,1,2,3,4,5,6,7,8,9,10,11,12,13,14,15,16,17,18,19,20,21,22,23,24,25,1],[7,0,1],[20,0,1],[21,0,1,2,3,4,5],[22,0,1,2,3,4,2],[8,0,2],[24,0,1,2,3,4,2],[25,0,1,2,1],[26,0,1,2,3,1],[27,0,1,2,1],[28,0,1,1],[29,0,1,2,3,4,1],[30,0,1],[31,0,1,2]],[[[{"name":"default_sprite_splash","rect":{"x":0,"y":0,"width":2,"height":2},"offset":{"x":0,"y":0},"originalSize":{"width":2,"height":2},"rotated":false,"capInsets":[0,0,0,0],"packable":true}],[9],0,[0],[5],[7]],[[[22,"resultPrefab"],[10,"resultPrefab",268435456,[-6,-7],[[2,-2,[0,"2cL0klDZlIN5VeWeBMrsI0"],[5,750,1334]],[28,false,-3,[0,"9ecTYghSZC4oFErTMoykLB"]],[29,-4,[0,"ddZTIPTqZF2rzIy9HpRDuL"]],[30,45,750,1334,-5]],[1,"edFXfPtVlM5rmjDbKiCdO7",-1,0]],[15,"content",268435456,1,[-9,-10,-11,-12,-13,-14,-15,-16,-17,-18,-19,-20,-21],[[9,-8,[0,"fdUlGW+BZDTaxIVIMckX4c"]]],[1,"19xEk1Io9AzoCsCZC9u2No",1,0]],[8,"Button-001",268435456,2,[-26,-27],[[2,-22,[0,"98TYGMtwRBTYZZn4EZmhzJ"],[5,180,40]],[32,1,0,-23,[0,"77BcV1zfNHo4LI4KRqZupe"]],[34,3,-25,[0,"2fOwBXUwBNvaJ4NyyrOq4C"],[[12,"39856vODpBFrruNyeXvTZOw","shareBtn",1]],[4,4292269782],-24]],[1,"a82Yad0d9J/4GbSbFFTfuT",1,0],[1,0,-213.095,0]],[10,"top",268435456,[-29,-30,-31,-32],[[9,-28,[0,"aaL4Tk4jtMjpDtZWQw0W77"]]],[1,"61jlvuMMhON51h91NUNftq",1,0]],[10,"down",268435456,[-34,-35,-36,-37],[[9,-33,[0,"ddWL/TGq5BD4m/nZNut5P+"]]],[1,"47TGj5BDxNQq5afn2zugEV",1,0]],[8,"Button",268435456,2,[-42],[[2,-38,[0,"98TYGMtwRBTYZZn4EZmhzJ"],[5,380.089,124.07900000000002]],[11,1,0,-39,[0,"77BcV1zfNHo4LI4KRqZupe"],16],[35,3,-41,[0,"2fOwBXUwBNvaJ4NyyrOq4C"],[[12,"39856vODpBFrruNyeXvTZOw","playAgainBtn",1]],[4,4292269782],-40,17]],[1,"2erQdvowNJxZbFQ2bUxxyk",1,0],[1,-0.7265000000000041,-123.59200000000001,0]],[16,"mask",268435456,1,[[2,-43,[0,"12x0X1kz9K7YnptBnfX/UA"],[5,750,1334]],[33,0,-44,[0,"36jAHbCnpMLJtmlwjsydhZ"],[4,1392508928],0],[36,-45,[0,"7ap81pzbBJ8qitgHbmb6Ic"],1],[31,45,750,1334,-46,[0,"48ZdlvzYpLbZs0ggsq4CYy"]]],[1,"15KC9Zf0ROkKF3fu6qN1U/",1,0]],[15,"lineNode",268435456,2,[4,5],[[9,-47,[0,"e2F1og8gFPRbaoOzLBkd86"]],[38,-48,[0,"b6cbRcQDdGR4l2GmJ9NMV/"],[13],14]],[1,"8fXsZKrA1OV4ndNLYDPB32",1,0]],[8,"resultTitleBg",268435456,2,[-51],[[2,-49,[0,"f7NISe7HdAD68SLfhnddy8"],[5,253.20899999999997,74.38300000000001]],[11,1,0,-50,[0,"e71ctEmpxFC4KlSYRZNz/a"],19]],[1,"13vbzSmcNB+qlK5B7qq1Ms",1,0],[1,0,232.991,0]],[8,"resultTitleLine",268435456,2,[-54],[[2,-52,[0,"f7NISe7HdAD68SLfhnddy8"],[5,490.954,79.031]],[18,0,-53,[0,"e71ctEmpxFC4KlSYRZNz/a"],20]],[1,"4f6wIrQSJBqrpZnLFXKe/g",1,0],[1,-5.440000000000002,17.4845,0]],[17,"closeBtn",false,268435456,2,[[2,-55,[0,"f7NISe7HdAD68SLfhnddy8"],[5,60,60]],[4,-56,[0,"e71ctEmpxFC4KlSYRZNz/a"],23],[37,3,-57,[0,"396s/b6x9B94al3Cba0hmV"],[[12,"39856vODpBFrruNyeXvTZOw","close",1]],24]],[1,"b5V0hZk65D8rKiDbNCOn8o",1,0],[1,164.894,219.128,0]],[23,"circle",268435456,2,[[2,-58,[0,"e6fzPGhXhE84Y1m+wtuRgb"],[5,1038,1038]],[18,0,-59,[0,"b4ext+RLRDb6nPhTsb/sVX"],2]],[1,"e4z9JEeiFNbZUQh7ckyxjx",1,0],[1,0,0,0]],[27,"pointParticle",false,268435456,2,[[-60,[39,-61,[0,"c4lv9DJGBCR72Pg6aqSxz6"]]],1,4],[1,"8dxcs0QMdAR4NNuKdYqAly",1,0]],[5,"line",268435456,4,[[2,-62,[0,"fbJIf3enVFVKNsC0uov5gA"],[5,150,180]],[4,-63,[0,"a3NnN6W1ZKPI4IUWny+miV"],5]],[1,"0fMnwwCjVFqZmwGw3JB5L2",1,0],[1,156.592,21.886,0],[3,0,0,0.9986432020532272,0.0520745138515684],[1,0,0,174.03]],[5,"line-001",268435456,4,[[2,-64,[0,"95UMOIuHROXLuRtG4H/6+v"],[5,150,180]],[4,-65,[0,"115F77DLFC1rve+7rwTJuK"],6]],[1,"0beJ2SfcBK4Y7lKX6FYFPP",1,0],[1,-121.929,-63.71,0],[3,0,0,0.7071067811865476,-0.7071067811865475],[1,0,0,270]],[5,"line-002",268435456,4,[[2,-66,[0,"0bKFiajSFD75ChI2sRJmBb"],[5,150,180]],[4,-67,[0,"caKwLM5+xPNKmbR0ManxVH"],7]],[1,"18wpfdhEBKQp1QtgCsT0Wl",1,0],[1,64.405,44.446,0],[3,0,0,-0.9962816628163678,0.0861559535717249],[1,0,0,-170.115]],[5,"line-003",268435456,4,[[2,-68,[0,"a7Fe0rKI5Oc43PzmE5FONr"],[5,150,180]],[4,-69,[0,"25M3cGmP9NR6kDtgKd7DmQ"],8]],[1,"65M5xkgtlD05Yk9rm6dOKY",1,0],[1,-70.234,30.401,0],[3,0,0,0.8775397981609157,-0.47950380878956467],[1,0,0,237.306]],[5,"line",268435456,5,[[2,-70,[0,"2cQPLp1TRL/bbp6agdYNIB"],[5,150,180]],[4,-71,[0,"a5s6pgZvlLCqGLGhiV33Z1"],9]],[1,"4aFk8kfYhDmauxMccFrqmo",1,0],[1,111.99700000000001,-143.21399999999994,0],[3,0,0,0.625971111448246,0.7798462461487184],[1,0,0,77.50699999999998]],[7,"line-001",268435456,5,[[2,-72,[0,"96lYKzmPBFEq03MRlMvSKq"],[5,150,180]],[4,-73,[0,"18aREzUu9MEoYt82YP4VdF"],10]],[1,"1dw9yLM1VIA4FdGcaLv4T7",1,0],[1,-256.524,-206.81,0]],[5,"line-002",268435456,5,[[2,-74,[0,"dcW0OG1fxCfokv0CyIY6UG"],[5,150,180]],[4,-75,[0,"bb9Z+GDSpFCq2ioCmvzt2R"],11]],[1,"1fHGQmwN5IqIPWnPPVoIxt",1,0],[1,-22.189999999999998,-344.654,0],[3,0,0,0.31454751738520476,0.9492417285954112],[1,0,0,36.66700000000001]],[5,"line-003",268435456,5,[[2,-76,[0,"e7VN+eNd1JgLyIu1Vs329l"],[5,150,180]],[4,-77,[0,"c5DPA5QcVIkKd0eaIKVHa4"],12]],[1,"c592wl6zFKGbXc3JNRNgPG",1,0],[1,189.17100000000005,-128.69900000000007,0],[3,0,0,0.6674297464395214,0.7446727694549305],[1,0,0,83.73799999999993]],[16,"bg",268435456,2,[[2,-78,[0,"55pCbtzR5GbojKMArZkfim"],[5,600,700]],[11,1,0,-79,[0,"20UGQn4U9GUoln0NJQTkbG"],15]],[1,"32u1/qu51C1LdwKFTFJd/z",1,0]],[24,"aginLb",512,268435456,6,[[2,-80,[0,"07QMd0h1dLcYd/vjigaip6"],[5,160,50.4]],[40,"再来一局",40,false,-81,[0,"ee3IZdy2dLIaAWpjI7P0FL"],[4,4278274999]]],[1,"c7abSyp5ZMzIoCocqr9dXO",1,0],[1,0,17,0]],[25,"shareLb",512,268435456,3,[[2,-82,[0,"07QMd0h1dLcYd/vjigaip6"],[5,60,50.4]],[41,"分享",30,30,false,-83,[0,"ee3IZdy2dLIaAWpjI7P0FL"]]],[1,"26wgb8c/dDsr3kRXMkjrUh",1,0]],[7,"arrow",268435456,3,[[2,-84,[0,"f7NISe7HdAD68SLfhnddy8"],[5,39,36]],[4,-85,[0,"e71ctEmpxFC4KlSYRZNz/a"],18]],[1,"c2ykKhDnNIVLO2rElqvbiN",1,0],[1,144.944,0,0]],[7,"scoreLb",268435456,2,[[2,-86,[0,"c68UOAlNhN171Umca6yVvF"],[5,44.49,100.8]],[42,"0",80,80,80,true,-87,[0,"2frm37uaJHQr0AEEaYyM82"]]],[1,"3aw3wL2StH2owsibtydEZR",1,0],[1,0,147.643,0]],[7,"yourScoreLb",268435456,2,[[2,-88,[0,"80nLxgLxlMl5jBXVAXPHcJ"],[5,98.21,37.8]],[19,"Your Score",20,20,30,-89,[0,"8aw70bittGMKj4ZsK148Bb"],[4,4288256409]]],[1,"9aqdiOIIlLXrKHkPAfXjDb",1,0],[1,0,86.593,0]],[7,"titleLb",268435456,9,[[2,-90,[0,"c68UOAlNhN171Umca6yVvF"],[5,120,50.4]],[43,"游戏结束",30,30,true,-91,[0,"2frm37uaJHQr0AEEaYyM82"],[4,4280634527]]],[1,"0anmTNAtNAV4MLkoxu6z+n",1,0],[1,-0.882,8.881,0]],[7,"bestScoreLb",268435456,10,[[2,-92,[0,"c68UOAlNhN171Umca6yVvF"],[5,16.68,37.8]],[19,"0",30,30,30,-93,[0,"2frm37uaJHQr0AEEaYyM82"],[4,4289127932]]],[1,"36smEPpq9DmZxX/iXxy7q8",1,0],[1,0,2.135,0]],[17,"crown",false,268435456,2,[[2,-94,[0,"bbBPybXWtMvL83uaj3YIYC"],[5,120,120]],[4,-95,[0,"74bkE8n4BGTLQ5d5R9SGW6"],21]],[1,"01YWYoFJRFpqG6QTn5Lc8K",1,0],[1,208.87,-34.12900000000002,0]],[26,"crown1",false,268435456,2,[[2,-96,[0,"3dGYDu/D5HyLnrN84jA5QD"],[5,120,120]],[4,-97,[0,"f0Jh+cfTtEeIZYlMtLzqip"],22]],[1,"55WxnJuOJAfoBuCHzrJ8aN",1,0],[1,-214.577,108.44499999999994,0],[3,0,0,0.48989225415407883,0.8717829886616483],[1,0.9000000000000001,0.9000000000000001,0.9],[1,0,0,58.66700000000002]],[44,13,[0,"76PhSXDh1BbLYB9LNm4uP3"],[3],[45,[4,4283362559]],[6,100],[3],[3],[6,100],[3],[3],[3],[3],[6,2],[3],[6,5],[3],[46,[13]],[47,true,1,0,400,[6,1]],[48,true,[20,1,[21,[0,0.9769230769230769],[[14,2,1],[49,2]]]],[3],[3],[3]],[50,true,[3],[3],[3],[6,4]],[51,[3],[3],[3]],[52,[3],[3],[3],[3]],[53,[3],[3],[3]],[54,[20,1,[21,[0,1],[[14,2,1],[14,2,1]]]],[3]],[55,[6,1],[3],[13],[13],-98],[56,4]]],0,[0,6,1,0,0,1,0,0,1,0,0,1,0,0,1,0,-1,7,0,-2,2,0,0,2,0,-1,12,0,-2,13,0,-3,8,0,-4,22,0,-5,6,0,-6,3,0,-7,26,0,-8,27,0,-9,9,0,-10,10,0,-11,30,0,-12,31,0,-13,11,0,0,3,0,0,3,0,3,3,0,0,3,0,-1,24,0,-2,25,0,0,4,0,-1,14,0,-2,15,0,-3,16,0,-4,17,0,0,5,0,-1,18,0,-2,19,0,-3,20,0,-4,21,0,0,6,0,0,6,0,3,6,0,0,6,0,-1,23,0,0,7,0,0,7,0,0,7,0,0,7,0,0,8,0,0,8,0,0,9,0,0,9,0,-1,28,0,0,10,0,0,10,0,-1,29,0,0,11,0,0,11,0,0,11,0,0,12,0,0,12,0,-1,32,0,0,13,0,0,14,0,0,14,0,0,15,0,0,15,0,0,16,0,0,16,0,0,17,0,0,17,0,0,18,0,0,18,0,0,19,0,0,19,0,0,20,0,0,20,0,0,21,0,0,21,0,0,22,0,0,22,0,0,23,0,0,23,0,0,24,0,0,24,0,0,25,0,0,25,0,0,26,0,0,26,0,0,27,0,0,27,0,0,28,0,0,28,0,0,29,0,0,29,0,0,30,0,0,30,0,0,31,0,0,31,0,7,32,0,8,1,4,4,8,5,4,8,98],[0,0,0,0,0,0,0,0,0,0,0,0,0,0,0,0,0,0,0,0,0,0,0,0,0],[1,2,1,-1,9,1,1,1,1,1,1,1,1,-1,10,1,1,2,1,1,1,1,1,1,2],[1,1,8,9,2,0,0,0,0,0,0,0,0,3,3,10,4,4,11,12,13,5,5,6,6]],[[[57,[{}],[[[{},"mainTexture",6,0]],11]]],0,0,[0,0],[11,12],[2,14]]]]
