[1,["0fQqexGJNIlrrtp7BL5Lj+","19cO6Qja1HuJ1hxPCcPqQ3","42mxHsY0RAeZn97ekPHeiK@6c48a","47LB+rJ+tFk75BAv4hAEJh@6c48a","4bmx7wVAFIuJPZQkcVwvQZ@6c48a","51b1GSqipK76/udFSfD6aQ@6c48a","5f0cDfi2pKy6lHBq7+mXST@6c48a","90EQVk9BxHAKv69TF8xMA3@6c48a","af3x0hNSZPBYJ/ws9Ibb9a@6c48a","5f0cDfi2pKy6lHBq7+mXST@f9941","42mxHsY0RAeZn97ekPHeiK@f9941","4bmx7wVAFIuJPZQkcVwvQZ@f9941","90EQVk9BxHAKv69TF8xMA3@f9941","af3x0hNSZPBYJ/ws9Ibb9a@f9941","e8Zh3iwQRPr79vin8VNCcS@f9941","51b1GSqipK76/udFSfD6aQ@f9941","f5SeRce4dGe5auP4UYB7zq@f9941","47LB+rJ+tFk75BAv4hAEJh@f9941","e8Zh3iwQRPr79vin8VNCcS@6c48a","f5SeRce4dGe5auP4UYB7zq@6c48a"],["node","_textureSource","_spriteFrame","_defaultClip","root","data"],["cc.SpriteFrame",["cc.Node",["_name","_layer","_active","_components","_prefab","_parent","_children","_lpos","_lscale"],0,9,4,1,2,5,5],["cc.UITransform",["node","__prefab","_contentSize"],3,1,4,5],["cc.Sprite",["_sizeMode","node","__prefab","_spriteFrame"],2,1,4,6],["cc.UIOpacity",["_opacity","node","__prefab"],2,1,4],["cc.Prefab",["_name"],2],["db290C/yQZKjLgg0eyZ3HcW",["node","__prefab"],3,1,4],["cc.CompPrefabInfo",["fileId"],2],["cc.PrefabInfo",["fileId","root","asset"],2,1,1],["cc.Animation",["node","__prefab","_clips","_defaultClip"],3,1,4,3,6]],[[7,0,2],[8,0,1,2,2],[2,0,1,2,1],[3,1,2,3,1],[1,0,1,5,3,4,7,3],[2,0,1,1],[4,1,2,1],[1,0,2,1,5,6,3,4,7,4],[1,0,1,5,3,4,7,8,3],[1,0,1,5,3,4,3],[9,0,1,2,3,1],[3,0,1,2,3,2],[5,0,2],[1,0,1,6,3,4,3],[1,0,1,5,6,3,4,3],[1,0,2,1,5,3,4,4],[6,0,1,1],[4,0,1,2,2]],[[[{"name":"perfect1","rect":{"x":0,"y":5,"width":438,"height":400},"offset":{"x":0,"y":-1},"originalSize":{"width":438,"height":408},"rotated":false,"capInsets":[0,0,0,0],"packable":true}],[0],0,[0],[1],[2]],[[{"name":"good1","rect":{"x":0,"y":0,"width":259,"height":261},"offset":{"x":0,"y":0},"originalSize":{"width":259,"height":261},"rotated":false,"capInsets":[0,0,0,0],"packable":true}],[0],0,[0],[1],[3]],[[{"name":"perfect3","rect":{"x":1,"y":1,"width":378,"height":346},"offset":{"x":0,"y":-0.5},"originalSize":{"width":380,"height":347},"rotated":false,"capInsets":[0,0,0,0],"packable":true}],[0],0,[0],[1],[4]],[[{"name":"good2","rect":{"x":10,"y":11,"width":340,"height":281},"offset":{"x":-4.5,"y":-2},"originalSize":{"width":369,"height":299},"rotated":false,"capInsets":[0,0,0,0],"packable":true}],[0],0,[0],[1],[5]],[[{"name":"perfect4","rect":{"x":3,"y":6,"width":352,"height":304},"offset":{"x":-1.5,"y":-2},"originalSize":{"width":361,"height":312},"rotated":false,"capInsets":[0,0,0,0],"packable":true}],[0],0,[0],[1],[6]],[[{"name":"perfect2","rect":{"x":7,"y":0,"width":356,"height":306},"offset":{"x":2.5,"y":0},"originalSize":{"width":365,"height":306},"rotated":false,"capInsets":[0,0,0,0],"packable":true}],[0],0,[0],[1],[7]],[[{"name":"perfect","rect":{"x":0,"y":0,"width":296,"height":148},"offset":{"x":0,"y":0},"originalSize":{"width":296,"height":148},"rotated":false,"capInsets":[0,0,0,0],"packable":true}],[0],0,[0],[1],[8]],[[[12,"getScoreEffect"],[13,"getScoreEffect",268435456,[-4,-5],[[16,-2,[0,"7eim74jyNNErV454Ojog1N"]],[5,-3,[0,"cbugsM/vxBgZD7M7v+S6yh"]]],[1,"ceXHtOp1NMTbJCxYc/ArQq",-1,0]],[7,"goodAnim",false,268435456,1,[-8,-9,-10,-11],[[5,-6,[0,"95TpTC23ZJpopyzRStXr0g"]],[10,-7,[0,"1cFgy7MN5G4rXXppu9iC4U"],[11],12]],[1,"4b5mi1W9RPeb++4TLaGLC3",1,0],[1,0,105.309,0]],[7,"prefectAnim",false,268435456,1,[-14,-15,-16],[[5,-12,[0,"45SvSlG1lIcqXDrRi8g9B8"]],[10,-13,[0,"58LGy/FB5NrKHKFOotKJuQ"],[5],6]],[1,"c67BlnQGxNNaSSCmE9I8dr",1,0],[1,0,105.309,0]],[14,"perfect",268435456,3,[-20,-21],[[2,-17,[0,"e1ov4ZaUVCTLudDAtiWS0Y"],[5,296,148]],[3,-18,[0,"3aCaliszhC5baQCitxZbxS"],4],[17,0,-19,[0,"1apIjIzj9ANrV1qmhocQIj"]]],[1,"afEga7JgxERoJ5xkAgQfKE",1,0]],[8,"perfect4",268435456,3,[[2,-22,[0,"e1Hq4xsUlD44Lmw4Xlm0sw"],[5,361,312]],[3,-23,[0,"2ffL6VeYxE+p4Svielv4XS"],0],[6,-24,[0,"86r0qeaupA9plPSZWyIrtq"]]],[1,"e0UmupYEhFT6imajeVD0ME",1,0],[1,3.733,2.466,0],[1,1.1,1.1,1.1]],[4,"perfect1",268435456,3,[[2,-25,[0,"55PA6HnhVJRLNVl6z7B+F5"],[5,438,408]],[3,-26,[0,"34+x56godE/JSzElp4Nsoc"],1],[6,-27,[0,"ecMQyEC5VOj66f4jbj2McN"]]],[1,"3dWmnlrs9OoJ0VT+zznNVc",1,0],[1,-8.2,9.2,0]],[4,"good",268435456,2,[[2,-28,[0,"1dae2EKMtBOIGh01Ks/IyV"],[5,184,105]],[3,-29,[0,"6a59rsyXNA4oudvp7COTkj"],9],[6,-30,[0,"45EynHMkxMVYLOij1vw/qN"]]],[1,"f9D2V+tx5L/6n22q+DfBnP",1,0],[1,-8.738,2.497,0]],[9,"perfect3",268435456,4,[[2,-31,[0,"508V3JCMdKhp/ploFRQRhB"],[5,380,347]],[3,-32,[0,"78vxUFFalEtIEaUnk2NvD3"],2]],[1,"19iN4STDhF/LeKwk81nzjY",1,0]],[8,"perfect2",268435456,4,[[2,-33,[0,"84xYbWuhNJiLmmSvQH0E+W"],[5,365,306]],[3,-34,[0,"fcU8eR1d1KObOJFGfbBnnx"],3]],[1,"32PXGtsj9J2aT5rl7lcJiM",1,0],[1,3.733000000000004,2.466000000000008,0],[1,1.1,1.1,1.1]],[9,"good3",268435456,2,[[2,-35,[0,"44swAubrRB1ITHlg+BH/Qn"],[5,204,213]],[11,0,-36,[0,"dbVI/0/9lMnYYQIqja0g0x"],7]],[1,"6daZe9eFFLqq5/P5h9DU+6",1,0]],[4,"good2",268435456,2,[[2,-37,[0,"19Gq+mV2VAAbX2wAyGdiY5"],[5,369,299]],[11,0,-38,[0,"418m/nNp9HoI4GkmCdvR31"],8]],[1,"1eQhtBEepJA4RewW4dP1L6",1,0],[1,1.462,10.152,0]],[15,"good1",false,268435456,2,[[2,-39,[0,"02E++VDRFCkY8rRAD7attB"],[5,259,261]],[3,-40,[0,"6bCRVMK3pHR7c3cqw5jzCZ"],10]],[1,"36MJsR7e5HA4gevu46/83o",1,0]]],0,[0,4,1,0,0,1,0,0,1,0,-1,3,0,-2,2,0,0,2,0,0,2,0,-1,10,0,-2,11,0,-3,7,0,-4,12,0,0,3,0,0,3,0,-1,5,0,-2,6,0,-3,4,0,0,4,0,0,4,0,0,4,0,-1,8,0,-2,9,0,0,5,0,0,5,0,0,5,0,0,6,0,0,6,0,0,6,0,0,7,0,0,7,0,0,7,0,0,8,0,0,8,0,0,9,0,0,9,0,0,10,0,0,10,0,0,11,0,0,11,0,0,12,0,0,12,0,5,1,40],[0,0,0,0,0,0,0,0,0,0,0,0,0],[2,2,2,2,2,-1,3,2,2,2,2,-1,3],[9,10,11,12,13,0,0,14,15,16,17,1,1]],[[{"name":"good3","rect":{"x":0,"y":2,"width":201,"height":210},"offset":{"x":-1.5,"y":-0.5},"originalSize":{"width":204,"height":213},"rotated":false,"capInsets":[0,0,0,0],"packable":true}],[0],0,[0],[1],[18]],[[{"name":"good","rect":{"x":0,"y":0,"width":184,"height":105},"offset":{"x":0,"y":0},"originalSize":{"width":184,"height":105},"rotated":false,"capInsets":[0,0,0,0],"packable":true}],[0],0,[0],[1],[19]]]]
