[1,0,0,[["cc.Mesh",["_native","_hash","_struct"],1,11]],[[0,0,1,2,3]],[[0,".bin",2512437065,[{"primitives":[{"primitiveMode":7,"vertexBundelIndices":[0],"indexView":{"offset":78720,"length":14400,"count":3600,"stride":4}}],"vertexBundles":[{"view":{"offset":0,"length":78720,"count":1640,"stride":48},"attributes":[{"name":"a_position","format":32,"isNormalized":false},{"name":"a_normal","format":32,"isNormalized":false},{"name":"a_texCoord","format":21,"isNormalized":false},{"name":"a_tangent","format":44,"isNormalized":false}]}],"morph":{"subMeshMorphs":[{"attributes":["a_position"],"targets":[{"displacements":[{"offset":93120,"length":19680,"stride":4,"count":4920}]},{"displacements":[{"offset":112800,"length":19680,"stride":4,"count":4920}]},{"displacements":[{"offset":132480,"length":19680,"stride":4,"count":4920}]},{"displacements":[{"offset":152160,"length":19680,"stride":4,"count":4920}]},{"displacements":[{"offset":171840,"length":19680,"stride":4,"count":4920}]},{"displacements":[{"offset":191520,"length":19680,"stride":4,"count":4920}]}]}],"targetNames":["姿态_0","姿态_1","姿态_2","姿态_3","姿态_4","姿态_5"]}},"minPosition",8,[1,-0.6626406908035278,-0.29233530163764954,-0.6624506711959839],"maxPosition",8,[1,0.6622286438941956,0.6522997617721558,0.6624317765235901]]],-1],0,0,[],[],[]]
