[1,0,0,[["cc.Mesh",["_native","_hash","_struct"],1,11]],[[0,0,1,2,3]],[[0,".bin",2461919230,[{"primitives":[{"primitiveMode":7,"vertexBundelIndices":[0],"indexView":{"offset":2496,"length":432,"count":108,"stride":4}}],"vertexBundles":[{"view":{"offset":0,"length":2496,"count":52,"stride":48},"attributes":[{"name":"a_position","format":32,"isNormalized":false},{"name":"a_normal","format":32,"isNormalized":false},{"name":"a_texCoord","format":21,"isNormalized":false},{"name":"a_tangent","format":44,"isNormalized":false}]}]},"minPosition",8,[1,-0.20399999618530273,-0.24800261855125427,-0.20399999618530273],"maxPosition",8,[1,0.20399999618530273,0.01780262030661106,0.20399999618530273]]],-1],0,0,[],[],[]]
