[1,0,0,[["cc.Mesh",["_native","_hash","_struct"],1,11]],[[0,0,1,2,3]],[[0,".bin",1267860539,[{"primitives":[{"primitiveMode":7,"vertexBundelIndices":[0],"indexView":{"offset":30096,"length":13824,"count":3456,"stride":4}}],"vertexBundles":[{"view":{"offset":0,"length":30096,"count":627,"stride":48},"attributes":[{"name":"a_position","format":32,"isNormalized":false},{"name":"a_normal","format":32,"isNormalized":false},{"name":"a_texCoord","format":21,"isNormalized":false},{"name":"a_tangent","format":44,"isNormalized":false}]}]},"minPosition",8,[1,-0.6796974539756775,-0.015971984714269638,-0.6796974539756775],"maxPosition",8,[1,0.6796974539756775,0.015971984714269638,0.6796974539756775]]],-1],0,0,[],[],[]]
