{"compId":2,"child":[{"compId":3,"type":"Image","props":{"bottom":0,"top":0,"right":0,"left":0,"skin":"loading/bg.png"}},{"compId":12,"child":[{"compId":4,"type":"Image","props":{"height":1055,"width":750,"sizeGrid":"259,123,367,204","skin":"collection/cl_bg.png"}},{"compId":9,"child":[{"compId":8,"child":[{"compId":6,"type":"Image","props":{"name":"img_select","height":249,"width":193,"skin":"collection/cl_unBg.png","var":"img_select","x":0}},{"compId":7,"type":"Image","props":{"name":"img_item","scaleX":0.8,"scaleY":0.8,"var":"img_item","skin":"collection/10.png","y":10,"x":-6}},{"compId":10,"type":"Image","props":{"name":"btn_unlock","scaleX":0.8,"scaleY":0.8,"var":"btn_unlock","skin":"collection/btn_unlock_fx.png","y":180,"x":34}},{"compId":14,"type":"Image","props":{"y":55,"x":67,"skin":"collection/unlock.png","name":"img_wenhao","var":"img_wenhao"}}],"type":"Box","props":{"x":0.5,"renderType":"render","height":249,"width":193}}],"type":"List","props":{"width":633,"height":799,"repeatX":3,"var":"list","spaceY":26,"spaceX":27,"y":205,"x":58}}],"type":"Box","props":{"y":100,"x":0,"var":"mianBox"}},{"compId":13,"type":"Sprite","props":{"y":35,"x":25,"texture":"collection/cl_back.png","var":"btn_back"}}],"type":"View","props":{"width":750,"height":1334},"loadList":["loading/bg.png","collection/cl_bg.png","collection/cl_unBg.png","collection/10.png","collection/btn_unlock_fx.png","collection/unlock.png","collection/cl_back.png"],"loadList3D":[]}