{"type":"View","props":{"width":750,"height":1334},"compId":2,"child":[{"type":"Image","props":{"y":10,"x":10,"top":0,"skin":"loading/bg.png","right":0,"left":0,"bottom":0},"compId":3},{"type":"Image","props":{"y":128,"skin":"loading/logo.png","centerX":0},"compId":4},{"type":"Image","props":{"y":985,"x":85,"width":600,"skin":"loading/ld_pro.png","height":60},"compId":5},{"type":"Image","props":{"y":992,"x":92,"width":586,"var":"ld_pro","skin":"loading/ld_pro$bar.png","height":46},"compId":6},{"type":"Image","props":{"y":1015,"x":85,"var":"ld_icon","skin":"loading/ld_icon.png","anchorY":0.5,"anchorX":0.5},"compId":7},{"type":"Label","props":{"y":1050,"var":"txt_pro","text":"0%","fontSize":40,"color":"#ffffff","centerX":0,"bold":true},"compId":14}],"loadList":["loading/bg.png","loading/logo.png","loading/ld_pro.png","loading/ld_pro$bar.png","loading/ld_icon.png"],"loadList3D":[]}