{"type":"Dialog","props":{"width":750,"height":1334},"compId":2,"child":[{"type":"Image","props":{"y":20,"x":20,"top":0,"skin":"loading/bg.png","right":0,"left":0,"bottom":0},"compId":3},{"type":"Box","props":{"y":517,"x":220,"var":"box_main"},"compId":11,"child":[{"type":"Sprite","props":{"x":5,"texture":"relive/rl_bg.png","name":""},"compId":4},{"type":"Sprite","props":{"y":24,"x":29,"var":"img_circle","texture":"relive/rl_circle.png","name":""},"compId":5},{"type":"Image","props":{"y":95,"x":114,"var":"img_num","skin":"relive/1.png","name":""},"compId":9},{"type":"Image","props":{"y":338,"var":"btn_relive","skin":"relive/rl_fuhuo2.png","name":""},"compId":10},{"type":"Image","props":{"y":490,"x":119,"var":"btnSkip","skin":"reward/rw_skip.png"},"compId":8}]}],"loadList":["loading/bg.png","relive/rl_bg.png","relive/rl_circle.png","relive/1.png","relive/rl_fuhuo1.png","relive/rl_skip.png","relive/rl_fuhuo2.png","reward/rw_skip.png"],"loadList3D":[]}