{"type":"Dialog","props":{"width":750,"height":1334},"compId":2,"child":[{"type":"Image","props":{"top":0,"skin":"loading/bg.png","right":0,"left":1,"bottom":0},"compId":3},{"type":"Image","props":{"y":180,"x":267,"var":"img_title","skin":"result/re_sucess.png","centerX":0},"compId":4},{"type":"Image","props":{"y":826,"var":"img_next","skin":"result/re_next.png","centerX":0},"compId":5},{"type":"List","props":{"y":307,"x":93,"width":565,"var":"_list","spaceY":2,"spaceX":2,"repeatY":2,"repeatX":2,"height":425},"compId":6,"child":[{"type":"Box","props":{"width":280,"name":"render","height":210},"compId":7,"child":[{"type":"Image","props":{"top":0,"right":0,"name":"thumb","left":0,"bottom":0},"compId":8}]}]}],"loadList":["loading/bg.png","result/re_sucess.png","result/re_next.png"],"loadList3D":[]}