{"type":"Dialog","props":{"width":750,"height":1334},"compId":2,"child":[{"type":"Image","props":{"y":40,"x":40,"top":0,"skin":"loading/bg.png","right":0,"left":0,"bottom":0},"compId":3},{"type":"Box","props":{"y":370,"x":73,"var":"box_main"},"compId":13,"child":[{"type":"Sprite","props":{"y":1,"texture":"reward/rl_light.png","name":""},"compId":4},{"type":"Sprite","props":{"x":181,"texture":"reward/rw_title.png","name":""},"compId":5},{"type":"Image","props":{"y":520,"x":147,"var":"btn_get","skin":"reward/rw_get1.png","name":""},"compId":6},{"type":"Image","props":{"y":170,"x":174,"var":"img_item","skin":"collection/17.png","name":""},"compId":7}]},{"type":"Sprite","props":{"y":1032,"x":303.5,"var":"btn_skip","texture":"relive/rl_skip.png","name":""},"compId":8}],"loadList":["loading/bg.png","reward/rl_light.png","reward/rw_title.png","reward/rw_get1.png","collection/17.png","reward/rw_skip.png","relive/rl_skip.png"],"loadList3D":[]}